{
    "name": "Partner",
    "version": "1.3.2",
    "download_url": "https://github.com/IngoStramm/partner/raw/master/dist/partner.zip",
    "homepage": "https://agencialaf.com",
    "requires": "4.7",
    "tested": "5.5",
    "last_updated": "2020-09-01 15:30:00",
    "upgrade_notice": "Atualização do Partner disponível",
    "author": "Ingo Stramm",
    "author_homepage": "https://agencialaf.com",
    "sections": {
        "description": "Descrição do Partner.",
        "installation": "A instalação deste plugin deve ser feita pelo Converte Fácil."
    },
    "icons": {
        "1x": "https://github.com/IngoStramm/partner/raw/master/assets/images/plugin-banner-128x128.jpg",
        "2x": "https://github.com/IngoStramm/partner/raw/master/assets/images/plugin-banner-256x256.jpg"
    },
    "banners": {
        "low": "https://github.com/IngoStramm/partner/raw/master/assets/images/plugin-banner-772x250.jpg",
        "high": "https://github.com/IngoStramm/partner/raw/master/assets/images/plugin-banner-1544x500.jpg"
    }
}